{
  "_meta": {
    "app": "STOCHASI",
    "version": "1.0",
    "description": "Stochastic Chronological Artifact Simulation",
    "includes_data": true,
    "market_data_edited": false
  },
  "parameters": {
    "start_year": 125,
    "end_year": 290,
    "replacement_rate": 0.1,
    "noise_sd": 2.0,
    "n_runs": 100,
    "seed": 0,
    "uncertainty_opacity": 0.12,
    "line_width": 3,
    "settlement_mode": false,
    "auto_normalize": true,
    "use_demo": false,
    "preset_choice": "Terra Sigillata",
    "initial_values": {
      "IT": 60,
      "LG": 10,
      "BA": 30,
      "MG": 0,
      "RZ": 0
    }
  },
  "categories": {
    "list": [
      "IT",
      "LG",
      "BA",
      "MG",
      "RZ"
    ],
    "names": {
      "IT": "Italian",
      "LG": "La Graufesenque",
      "BA": "Banassac",
      "MG": "Central Gaulish",
      "RZ": "Rheinzabern"
    }
  },
  "market_data": {
    "years": [
      120,
      130,
      140,
      150,
      160,
      170,
      180,
      190,
      200,
      210,
      220,
      230,
      240,
      250,
      260,
      270,
      280,
      290
    ],
    "IT": [
      30.0,
      10.0,
      0.0,
      0.0,
      0.0,
      0.0,
      0.0,
      0.0,
      0.0,
      0.0,
      0.0,
      0.0,
      0.0,
      0.0,
      0.0,
      0.0,
      0.0,
      0.0
    ],
    "LG": [
      20.0,
      0.0,
      0.0,
      0.0,
      0.0,
      0.0,
      0.0,
      0.0,
      0.0,
      0.0,
      0.0,
      0.0,
      0.0,
      0.0,
      0.0,
      0.0,
      0.0,
      0.0
    ],
    "BA": [
      50.0,
      60.0,
      10.0,
      10.0,
      0.0,
      0.0,
      0.0,
      0.0,
      0.0,
      0.0,
      0.0,
      0.0,
      0.0,
      0.0,
      0.0,
      0.0,
      0.0,
      0.0
    ],
    "MG": [
      0.0,
      30.0,
      80.0,
      80.0,
      80.0,
      80.0,
      50.0,
      10.0,
      0.0,
      0.0,
      0.0,
      0.0,
      0.0,
      0.0,
      0.0,
      0.0,
      0.0,
      0.0
    ],
    "RZ": [
      0.0,
      0.0,
      10.0,
      10.0,
      20.0,
      20.0,
      50.0,
      90.0,
      100.0,
      100.0,
      100.0,
      100.0,
      100.0,
      100.0,
      100.0,
      100.0,
      100.0,
      100.0
    ]
  },
  "excavation_data": {
    "percent": {
      "IT": 12.987012987012985,
      "LG": 0.0,
      "BA": 1.2987012987012987,
      "MG": 72.72727272727273,
      "RZ": 12.987012987012985
    },
    "absolute": {
      "IT": 10,
      "LG": 0,
      "BA": 1,
      "MG": 56,
      "RZ": 10,
      "_total": 77
    },
    "comparison_year": 170
  }
}
